{
	"class_name" : "PinholeCameraParameters",
	"extrinsic" : 
	[
		0.9925708761063291,
		0.018570743687429749,
		0.1202421863757063,
		0.0,
		-0.12150576359694469,
		0.10030934011800337,
		0.98750918258911113,
		0.0,
		0.0062773655491525724,
		-0.99478297319766518,
		0.10182058199487866,
		0.0,
		-0.22649978230151663,
		0.41592093292184085,
		3.2546818397826631,
		1.0
	],
	"intrinsic" : 
	{
		"height" : 948,
		"intrinsic_matrix" : 
		[
			820.99208278764786,
			0.0,
			0.0,
			0.0,
			820.99208278764786,
			0.0,
			959.5,
			473.5,
			1.0
		],
		"width" : 1920
	},
	"version_major" : 1,
	"version_minor" : 0
}