{
	"class_name" : "PinholeCameraParameters",
	"extrinsic" : 
	[
		-0.96270518315023923,
		0.16057168815292916,
		-0.21775092031810792,
		0.0,
		-0.27044173758535112,
		-0.59416872339574001,
		0.75751224063383482,
		0.0,
		-0.0077457670685749233,
		0.78814989760958232,
		0.615434596029931,
		0.0,
		0.4814410322419424,
		-0.35386911973841972,
		1.7510274334504241,
		1.0
	],
	"intrinsic" : 
	{
		"height" : 948,
		"intrinsic_matrix" : 
		[
			820.99208278764786,
			0.0,
			0.0,
			0.0,
			820.99208278764786,
			0.0,
			959.5,
			473.5,
			1.0
		],
		"width" : 1920
	},
	"version_major" : 1,
	"version_minor" : 0
}